img_path,covid
COVID-1.png,1
COVID-10.png,1
COVID-100.png,1
COVID-1000.png,1
COVID-1001.png,1
COVID-1002.png,1
COVID-1003.png,1
COVID-1004.png,1
COVID-1005.png,1
COVID-1006.png,1
COVID-1007.png,1
COVID-1008.png,1
COVID-1009.png,1
COVID-101.png,1
COVID-1010.png,1
COVID-1011.png,1
COVID-1012.png,1
COVID-1013.png,1
COVID-1014.png,1
COVID-1015.png,1
COVID-1016.png,1
COVID-1017.png,1
COVID-1018.png,1
COVID-1019.png,1
COVID-102.png,1
COVID-1020.png,1
COVID-1021.png,1
COVID-1022.png,1
COVID-1023.png,1
COVID-1024.png,1
COVID-1025.png,1
COVID-1026.png,1
COVID-1027.png,1
COVID-1028.png,1
COVID-1029.png,1
COVID-103.png,1
COVID-1030.png,1
COVID-1031.png,1
COVID-1032.png,1
COVID-1033.png,1
COVID-1034.png,1
COVID-1035.png,1
COVID-1036.png,1
COVID-1037.png,1
COVID-1038.png,1
COVID-1039.png,1
COVID-104.png,1
COVID-1040.png,1
COVID-1041.png,1
COVID-1042.png,1
COVID-1043.png,1
COVID-1044.png,1
COVID-1045.png,1
COVID-1046.png,1
COVID-1047.png,1
COVID-1048.png,1
COVID-1049.png,1
COVID-105.png,1
COVID-1050.png,1
COVID-1051.png,1
COVID-1052.png,1
COVID-1053.png,1
COVID-1054.png,1
COVID-1055.png,1
COVID-1056.png,1
COVID-1057.png,1
COVID-1058.png,1
COVID-1059.png,1
COVID-106.png,1
COVID-1060.png,1
COVID-1061.png,1
COVID-1062.png,1
COVID-1063.png,1
COVID-1064.png,1
COVID-1065.png,1
COVID-1066.png,1
COVID-1067.png,1
COVID-1068.png,1
COVID-1069.png,1
COVID-107.png,1
COVID-1070.png,1
COVID-1071.png,1
COVID-1072.png,1
COVID-1073.png,1
COVID-1074.png,1
COVID-1075.png,1
COVID-1076.png,1
COVID-1077.png,1
COVID-1078.png,1
COVID-1079.png,1
COVID-108.png,1
COVID-1080.png,1
COVID-1081.png,1
COVID-1082.png,1
COVID-1083.png,1
COVID-1084.png,1
COVID-1085.png,1
COVID-1086.png,1
COVID-1087.png,1
COVID-1088.png,1
COVID-1089.png,1
COVID-109.png,1
COVID-1090.png,1
COVID-1091.png,1
COVID-1092.png,1
COVID-1093.png,1
COVID-1094.png,1
COVID-1095.png,1
COVID-1096.png,1
COVID-1097.png,1
COVID-1098.png,1
COVID-1099.png,1
COVID-11.png,1
COVID-110.png,1
COVID-1100.png,1
COVID-1101.png,1
COVID-1102.png,1
COVID-1103.png,1
COVID-1104.png,1
COVID-1105.png,1
COVID-1106.png,1
COVID-1107.png,1
COVID-1108.png,1
COVID-1109.png,1
COVID-111.png,1
COVID-1110.png,1
COVID-1111.png,1
COVID-1112.png,1
COVID-1113.png,1
COVID-1114.png,1
COVID-1115.png,1
COVID-1116.png,1
COVID-1117.png,1
COVID-1118.png,1
COVID-1119.png,1
COVID-112.png,1
COVID-1120.png,1
COVID-1121.png,1
COVID-1122.png,1
COVID-1123.png,1
COVID-1124.png,1
COVID-1125.png,1
COVID-1126.png,1
COVID-1127.png,1
COVID-1128.png,1
COVID-1129.png,1
COVID-113.png,1
COVID-1130.png,1
COVID-1131.png,1
COVID-1132.png,1
COVID-1133.png,1
COVID-1134.png,1
COVID-1135.png,1
COVID-1136.png,1
COVID-1137.png,1
COVID-1138.png,1
COVID-1139.png,1
COVID-114.png,1
COVID-1140.png,1
COVID-1141.png,1
COVID-1142.png,1
COVID-1143.png,1
COVID-1144.png,1
COVID-1145.png,1
COVID-1146.png,1
COVID-1147.png,1
COVID-1148.png,1
COVID-1149.png,1
COVID-115.png,1
COVID-1150.png,1
COVID-1151.png,1
COVID-1152.png,1
COVID-1153.png,1
COVID-1154.png,1
COVID-1155.png,1
COVID-1156.png,1
COVID-1157.png,1
COVID-1158.png,1
COVID-1159.png,1
COVID-116.png,1
COVID-1160.png,1
COVID-1161.png,1
COVID-1162.png,1
COVID-1163.png,1
COVID-1164.png,1
COVID-1165.png,1
COVID-1166.png,1
COVID-1167.png,1
COVID-1168.png,1
COVID-1169.png,1
COVID-117.png,1
COVID-1170.png,1
COVID-1171.png,1
COVID-1172.png,1
COVID-1173.png,1
COVID-1174.png,1
COVID-1175.png,1
COVID-1176.png,1
COVID-1177.png,1
COVID-1178.png,1
COVID-1179.png,1
COVID-118.png,1
COVID-1180.png,1
COVID-1181.png,1
COVID-1182.png,1
COVID-1183.png,1
COVID-1184.png,1
COVID-1185.png,1
COVID-1186.png,1
COVID-1187.png,1
COVID-1188.png,1
COVID-1189.png,1
COVID-119.png,1
COVID-1190.png,1
COVID-1191.png,1
COVID-1192.png,1
COVID-1193.png,1
COVID-1194.png,1
COVID-1195.png,1
COVID-1196.png,1
COVID-1197.png,1
COVID-1198.png,1
COVID-1199.png,1
COVID-12.png,1
COVID-120.png,1
COVID-1200.png,1
COVID-1201.png,1
COVID-1202.png,1
COVID-1203.png,1
COVID-1204.png,1
COVID-1205.png,1
COVID-1206.png,1
COVID-1207.png,1
COVID-1208.png,1
COVID-1209.png,1
COVID-121.png,1
COVID-1210.png,1
COVID-1211.png,1
COVID-1212.png,1
COVID-1213.png,1
COVID-1214.png,1
COVID-1215.png,1
COVID-1216.png,1
COVID-1217.png,1
COVID-1218.png,1
COVID-1219.png,1
COVID-122.png,1
COVID-1220.png,1
COVID-1221.png,1
COVID-1222.png,1
COVID-1223.png,1
COVID-1224.png,1
COVID-1225.png,1
COVID-1226.png,1
COVID-1227.png,1
COVID-1228.png,1
COVID-1229.png,1
COVID-123.png,1
COVID-1230.png,1
COVID-1231.png,1
COVID-1232.png,1
COVID-1233.png,1
COVID-1234.png,1
COVID-1235.png,1
COVID-1236.png,1
COVID-1237.png,1
COVID-1238.png,1
COVID-1239.png,1
COVID-124.png,1
COVID-1240.png,1
COVID-1241.png,1
COVID-1242.png,1
COVID-1243.png,1
COVID-1244.png,1
COVID-1245.png,1
COVID-1246.png,1
COVID-1247.png,1
COVID-1248.png,1
COVID-1249.png,1
COVID-125.png,1
COVID-1250.png,1
COVID-1251.png,1
COVID-1252.png,1
COVID-1253.png,1
COVID-1254.png,1
COVID-1255.png,1
COVID-1256.png,1
COVID-1257.png,1
COVID-1258.png,1
COVID-1259.png,1
COVID-126.png,1
COVID-1260.png,1
COVID-1261.png,1
COVID-1262.png,1
COVID-1263.png,1
COVID-1264.png,1
COVID-1265.png,1
COVID-1266.png,1
COVID-1267.png,1
COVID-1268.png,1
COVID-1269.png,1
COVID-127.png,1
COVID-1270.png,1
COVID-1271.png,1
COVID-1272.png,1
COVID-1273.png,1
COVID-1274.png,1
COVID-1275.png,1
COVID-1276.png,1
COVID-1277.png,1
COVID-1278.png,1
COVID-1279.png,1
COVID-128.png,1
COVID-1280.png,1
COVID-1281.png,1
COVID-1282.png,1
COVID-1283.png,1
COVID-1284.png,1
COVID-1285.png,1
COVID-1286.png,1
COVID-1287.png,1
COVID-1288.png,1
COVID-1289.png,1
COVID-129.png,1
COVID-1290.png,1
COVID-1291.png,1
COVID-1292.png,1
COVID-1293.png,1
COVID-1294.png,1
COVID-1295.png,1
COVID-1296.png,1
COVID-1297.png,1
COVID-1298.png,1
COVID-1299.png,1
COVID-13.png,1
COVID-130.png,1
COVID-1300.png,1
COVID-1301.png,1
COVID-1302.png,1
COVID-1303.png,1
COVID-1304.png,1
COVID-1305.png,1
COVID-1306.png,1
COVID-1307.png,1
COVID-1308.png,1
COVID-1309.png,1
COVID-131.png,1
COVID-1310.png,1
COVID-1311.png,1
COVID-1312.png,1
COVID-1313.png,1
COVID-1314.png,1
COVID-1315.png,1
COVID-1316.png,1
COVID-1317.png,1
COVID-1318.png,1
COVID-1319.png,1
COVID-132.png,1
COVID-1320.png,1
COVID-1321.png,1
COVID-1322.png,1
COVID-1323.png,1
COVID-1324.png,1
COVID-1325.png,1
COVID-1326.png,1
COVID-1327.png,1
COVID-1328.png,1
COVID-1329.png,1
COVID-133.png,1
COVID-1330.png,1
COVID-1331.png,1
COVID-1332.png,1
COVID-1333.png,1
COVID-1334.png,1
COVID-1335.png,1
COVID-1336.png,1
COVID-1337.png,1
COVID-1338.png,1
COVID-1339.png,1
COVID-134.png,1
COVID-1340.png,1
COVID-1341.png,1
COVID-1342.png,1
COVID-1343.png,1
COVID-1344.png,1
COVID-1345.png,1
COVID-1346.png,1
COVID-1347.png,1
COVID-1348.png,1
COVID-1349.png,1
COVID-135.png,1
COVID-1350.png,1
COVID-1351.png,1
COVID-1352.png,1
COVID-1353.png,1
COVID-1354.png,1
COVID-1355.png,1
COVID-1356.png,1
COVID-1357.png,1
COVID-1358.png,1
COVID-1359.png,1
COVID-136.png,1
COVID-1360.png,1
COVID-1361.png,1
COVID-1362.png,1
COVID-1363.png,1
COVID-1364.png,1
COVID-1365.png,1
COVID-1366.png,1
COVID-1367.png,1
COVID-1368.png,1
COVID-1369.png,1
COVID-137.png,1
COVID-1370.png,1
COVID-1371.png,1
COVID-1372.png,1
COVID-1373.png,1
COVID-1374.png,1
COVID-1375.png,1
COVID-1376.png,1
COVID-1377.png,1
COVID-1378.png,1
COVID-1379.png,1
COVID-138.png,1
COVID-1380.png,1
COVID-1381.png,1
COVID-1382.png,1
COVID-1383.png,1
COVID-1384.png,1
COVID-1385.png,1
COVID-1386.png,1
COVID-1387.png,1
COVID-1388.png,1
COVID-1389.png,1
COVID-139.png,1
COVID-1390.png,1
COVID-1391.png,1
COVID-1392.png,1
COVID-1393.png,1
COVID-1394.png,1
COVID-1395.png,1
COVID-1396.png,1
COVID-1397.png,1
COVID-1398.png,1
COVID-1399.png,1
COVID-14.png,1
COVID-140.png,1
COVID-1400.png,1
COVID-1401.png,1
COVID-1402.png,1
COVID-1403.png,1
COVID-1404.png,1
COVID-1405.png,1
COVID-1406.png,1
COVID-1407.png,1
COVID-1408.png,1
COVID-1409.png,1
COVID-141.png,1
COVID-1410.png,1
COVID-1411.png,1
COVID-1412.png,1
COVID-1413.png,1
COVID-1414.png,1
COVID-1415.png,1
COVID-1416.png,1
COVID-1417.png,1
COVID-1418.png,1
COVID-1419.png,1
COVID-142.png,1
COVID-1420.png,1
COVID-1421.png,1
COVID-1422.png,1
COVID-1423.png,1
COVID-1424.png,1
COVID-1425.png,1
COVID-1426.png,1
COVID-1427.png,1
COVID-1428.png,1
COVID-1429.png,1
COVID-143.png,1
COVID-1430.png,1
COVID-1431.png,1
COVID-1432.png,1
COVID-1433.png,1
COVID-1434.png,1
COVID-1435.png,1
COVID-1436.png,1
COVID-1437.png,1
COVID-1438.png,1
COVID-1439.png,1
COVID-144.png,1
COVID-1440.png,1
COVID-1441.png,1
COVID-1442.png,1
COVID-1443.png,1
COVID-1444.png,1
COVID-1445.png,1
COVID-1446.png,1
COVID-1447.png,1
COVID-1448.png,1
COVID-1449.png,1
COVID-145.png,1
COVID-1450.png,1
COVID-1451.png,1
COVID-1452.png,1
COVID-1453.png,1
COVID-1454.png,1
COVID-1455.png,1
COVID-1456.png,1
COVID-1457.png,1
COVID-1458.png,1
COVID-1459.png,1
COVID-146.png,1
COVID-1460.png,1
COVID-1461.png,1
COVID-1462.png,1
COVID-1463.png,1
COVID-1464.png,1
COVID-1465.png,1
COVID-1466.png,1
COVID-1467.png,1
COVID-1468.png,1
COVID-1469.png,1
COVID-147.png,1
COVID-1470.png,1
COVID-1471.png,1
COVID-1472.png,1
COVID-1473.png,1
COVID-1474.png,1
COVID-1475.png,1
COVID-1476.png,1
COVID-1477.png,1
COVID-1478.png,1
COVID-1479.png,1
COVID-148.png,1
COVID-1480.png,1
COVID-1481.png,1
COVID-1482.png,1
COVID-1483.png,1
COVID-1484.png,1
COVID-1485.png,1
COVID-1486.png,1
COVID-1487.png,1
COVID-1488.png,1
COVID-1489.png,1
COVID-149.png,1
COVID-1490.png,1
COVID-1491.png,1
COVID-1492.png,1
COVID-1493.png,1
COVID-1494.png,1
COVID-1495.png,1
COVID-1496.png,1
COVID-1497.png,1
COVID-1498.png,1
COVID-1499.png,1
COVID-15.png,1
COVID-150.png,1
COVID-1500.png,1
COVID-1501.png,1
COVID-1502.png,1
COVID-1503.png,1
COVID-1504.png,1
COVID-1505.png,1
COVID-1506.png,1
COVID-1507.png,1
COVID-1508.png,1
COVID-1509.png,1
COVID-151.png,1
COVID-1510.png,1
COVID-1511.png,1
COVID-1512.png,1
COVID-1513.png,1
COVID-1514.png,1
COVID-1515.png,1
COVID-1516.png,1
COVID-1517.png,1
COVID-1518.png,1
COVID-1519.png,1
COVID-152.png,1
COVID-1520.png,1
COVID-1521.png,1
COVID-1522.png,1
COVID-1523.png,1
COVID-1524.png,1
COVID-1525.png,1
COVID-1526.png,1
COVID-1527.png,1
COVID-1528.png,1
COVID-1529.png,1
COVID-153.png,1
COVID-1530.png,1
COVID-1531.png,1
COVID-1532.png,1
COVID-1533.png,1
COVID-1534.png,1
COVID-1535.png,1
COVID-1536.png,1
COVID-1537.png,1
COVID-1538.png,1
COVID-1539.png,1
COVID-154.png,1
COVID-1540.png,1
COVID-1541.png,1
COVID-1542.png,1
COVID-1543.png,1
COVID-1544.png,1
COVID-1545.png,1
COVID-1546.png,1
COVID-1547.png,1
COVID-1548.png,1
COVID-1549.png,1
COVID-155.png,1
COVID-1550.png,1
COVID-1551.png,1
COVID-1552.png,1
COVID-1553.png,1
COVID-1554.png,1
COVID-1555.png,1
COVID-1556.png,1
COVID-1557.png,1
COVID-1558.png,1
COVID-1559.png,1
COVID-156.png,1
COVID-1560.png,1
COVID-1561.png,1
COVID-1562.png,1
COVID-1563.png,1
COVID-1564.png,1
COVID-1565.png,1
COVID-1566.png,1
COVID-1567.png,1
COVID-1568.png,1
COVID-1569.png,1
COVID-157.png,1
COVID-1570.png,1
COVID-1571.png,1
COVID-1572.png,1
COVID-1573.png,1
COVID-1574.png,1
COVID-1575.png,1
COVID-1576.png,1
COVID-1577.png,1
COVID-1578.png,1
COVID-1579.png,1
COVID-158.png,1
COVID-1580.png,1
COVID-1581.png,1
COVID-1582.png,1
COVID-1583.png,1
COVID-1584.png,1
COVID-1585.png,1
COVID-1586.png,1
COVID-1587.png,1
COVID-1588.png,1
COVID-1589.png,1
COVID-159.png,1
COVID-1590.png,1
COVID-1591.png,1
COVID-1592.png,1
COVID-1593.png,1
COVID-1594.png,1
COVID-1595.png,1
COVID-1596.png,1
COVID-1597.png,1
COVID-1598.png,1
COVID-1599.png,1
COVID-16.png,1
COVID-160.png,1
COVID-1600.png,1
COVID-1601.png,1
COVID-1602.png,1
COVID-1603.png,1
COVID-1604.png,1
COVID-1605.png,1
COVID-1606.png,1
COVID-1607.png,1
COVID-1608.png,1
COVID-1609.png,1
COVID-161.png,1
COVID-1610.png,1
COVID-1611.png,1
COVID-1612.png,1
COVID-1613.png,1
COVID-1614.png,1
COVID-1615.png,1
COVID-1616.png,1
COVID-1617.png,1
COVID-1618.png,1
COVID-1619.png,1
COVID-162.png,1
COVID-1620.png,1
COVID-1621.png,1
COVID-1622.png,1
COVID-1623.png,1
COVID-1624.png,1
COVID-1625.png,1
COVID-1626.png,1
COVID-1627.png,1
COVID-1628.png,1
COVID-1629.png,1
COVID-163.png,1
COVID-1630.png,1
COVID-1631.png,1
COVID-1632.png,1
COVID-1633.png,1
COVID-1634.png,1
COVID-1635.png,1
COVID-1636.png,1
COVID-1637.png,1
COVID-1638.png,1
COVID-1639.png,1
COVID-164.png,1
COVID-1640.png,1
COVID-1641.png,1
COVID-1642.png,1
COVID-1643.png,1
COVID-1644.png,1
COVID-1645.png,1
COVID-1646.png,1
COVID-1647.png,1
COVID-1648.png,1
COVID-1649.png,1
COVID-165.png,1
COVID-1650.png,1
COVID-1651.png,1
COVID-1652.png,1
COVID-1653.png,1
COVID-1654.png,1
COVID-1655.png,1
COVID-1656.png,1
COVID-1657.png,1
COVID-1658.png,1
COVID-1659.png,1
COVID-166.png,1
COVID-1660.png,1
COVID-1661.png,1
COVID-1662.png,1
COVID-1663.png,1
COVID-1664.png,1
COVID-1665.png,1
COVID-1666.png,1
COVID-1667.png,1
COVID-1668.png,1
COVID-1669.png,1
COVID-167.png,1
COVID-1670.png,1
COVID-1671.png,1
COVID-1672.png,1
COVID-1673.png,1
COVID-1674.png,1
COVID-1675.png,1
COVID-1676.png,1
COVID-1677.png,1
COVID-1678.png,1
COVID-1679.png,1
COVID-168.png,1
COVID-1680.png,1
COVID-1681.png,1
COVID-1682.png,1
COVID-1683.png,1
COVID-1684.png,1
COVID-1685.png,1
COVID-1686.png,1
COVID-1687.png,1
COVID-1688.png,1
COVID-1689.png,1
COVID-169.png,1
COVID-1690.png,1
COVID-1691.png,1
COVID-1692.png,1
COVID-1693.png,1
COVID-1694.png,1
COVID-1695.png,1
COVID-1696.png,1
COVID-1697.png,1
COVID-1698.png,1
COVID-1699.png,1
COVID-17.png,1
COVID-170.png,1
COVID-1700.png,1
COVID-1701.png,1
COVID-1702.png,1
COVID-1703.png,1
COVID-1704.png,1
COVID-1705.png,1
COVID-1706.png,1
COVID-1707.png,1
COVID-1708.png,1
COVID-1709.png,1
COVID-171.png,1
COVID-1710.png,1
COVID-1711.png,1
COVID-1712.png,1
COVID-1713.png,1
COVID-1714.png,1
COVID-1715.png,1
COVID-1716.png,1
COVID-1717.png,1
COVID-1718.png,1
COVID-1719.png,1
COVID-172.png,1
COVID-1720.png,1
COVID-1721.png,1
COVID-1722.png,1
COVID-1723.png,1
COVID-1724.png,1
COVID-1725.png,1
COVID-1726.png,1
COVID-1727.png,1
COVID-1728.png,1
COVID-1729.png,1
COVID-173.png,1
COVID-1730.png,1
COVID-1731.png,1
COVID-1732.png,1
COVID-1733.png,1
COVID-1734.png,1
COVID-1735.png,1
COVID-1736.png,1
COVID-1737.png,1
COVID-1738.png,1
COVID-1739.png,1
COVID-174.png,1
COVID-1740.png,1
COVID-1741.png,1
COVID-1742.png,1
COVID-1743.png,1
COVID-1744.png,1
COVID-1745.png,1
COVID-1746.png,1
COVID-1747.png,1
COVID-1748.png,1
COVID-1749.png,1
COVID-175.png,1
COVID-1750.png,1
COVID-1751.png,1
COVID-1752.png,1
COVID-1753.png,1
COVID-1754.png,1
COVID-1755.png,1
COVID-1756.png,1
COVID-1757.png,1
COVID-1758.png,1
COVID-1759.png,1
COVID-176.png,1
COVID-1760.png,1
COVID-1761.png,1
COVID-1762.png,1
COVID-1763.png,1
COVID-1764.png,1
COVID-1765.png,1
COVID-1766.png,1
COVID-1767.png,1
COVID-1768.png,1
COVID-1769.png,1
COVID-177.png,1
COVID-1770.png,1
COVID-1771.png,1
COVID-1772.png,1
COVID-1773.png,1
COVID-1774.png,1
COVID-1775.png,1
COVID-1776.png,1
COVID-1777.png,1
COVID-1778.png,1
COVID-1779.png,1
COVID-178.png,1
COVID-1780.png,1
COVID-1781.png,1
COVID-1782.png,1
COVID-1783.png,1
COVID-1784.png,1
COVID-1785.png,1
COVID-1786.png,1
COVID-1787.png,1
COVID-1788.png,1
COVID-1789.png,1
COVID-179.png,1
COVID-1790.png,1
COVID-1791.png,1
COVID-1792.png,1
COVID-1793.png,1
COVID-1794.png,1
COVID-1795.png,1
COVID-1796.png,1
COVID-1797.png,1
COVID-1798.png,1
COVID-1799.png,1
COVID-18.png,1
COVID-180.png,1
COVID-1800.png,1
COVID-1801.png,1
COVID-1802.png,1
COVID-1803.png,1
COVID-1804.png,1
COVID-1805.png,1
COVID-1806.png,1
COVID-1807.png,1
COVID-1808.png,1
COVID-1809.png,1
COVID-181.png,1
COVID-1810.png,1
COVID-1811.png,1
COVID-1812.png,1
COVID-1813.png,1
COVID-1814.png,1
COVID-1815.png,1
COVID-1816.png,1
COVID-1817.png,1
COVID-1818.png,1
COVID-1819.png,1
COVID-182.png,1
COVID-1820.png,1
COVID-1821.png,1
COVID-1822.png,1
COVID-1823.png,1
COVID-1824.png,1
COVID-1825.png,1
COVID-1826.png,1
COVID-1827.png,1
COVID-1828.png,1
COVID-1829.png,1
COVID-183.png,1
COVID-1830.png,1
COVID-1831.png,1
COVID-1832.png,1
COVID-1833.png,1
COVID-1834.png,1
COVID-1835.png,1
COVID-1836.png,1
COVID-1837.png,1
COVID-1838.png,1
COVID-1839.png,1
COVID-184.png,1
COVID-1840.png,1
COVID-1841.png,1
COVID-1842.png,1
COVID-1843.png,1
COVID-1844.png,1
COVID-1845.png,1
COVID-1846.png,1
COVID-1847.png,1
COVID-1848.png,1
COVID-1849.png,1
COVID-185.png,1
COVID-1850.png,1
COVID-1851.png,1
COVID-1852.png,1
COVID-1853.png,1
COVID-1854.png,1
COVID-1855.png,1
COVID-1856.png,1
COVID-1857.png,1
COVID-1858.png,1
COVID-1859.png,1
COVID-186.png,1
COVID-1860.png,1
COVID-1861.png,1
COVID-1862.png,1
COVID-1863.png,1
COVID-1864.png,1
COVID-1865.png,1
COVID-1866.png,1
COVID-1867.png,1
COVID-1868.png,1
COVID-1869.png,1
COVID-187.png,1
COVID-1870.png,1
COVID-1871.png,1
COVID-1872.png,1
COVID-1873.png,1
COVID-1874.png,1
COVID-1875.png,1
COVID-1876.png,1
COVID-1877.png,1
COVID-1878.png,1
COVID-1879.png,1
COVID-188.png,1
COVID-1880.png,1
COVID-1881.png,1
COVID-1882.png,1
COVID-1883.png,1
COVID-1884.png,1
COVID-1885.png,1
COVID-1886.png,1
COVID-1887.png,1
COVID-1888.png,1
COVID-1889.png,1
COVID-189.png,1
COVID-1890.png,1
COVID-1891.png,1
COVID-1892.png,1
COVID-1893.png,1
COVID-1894.png,1
COVID-1895.png,1
COVID-1896.png,1
COVID-1897.png,1
COVID-1898.png,1
COVID-1899.png,1
COVID-19.png,1
COVID-190.png,1
COVID-1900.png,1
COVID-1901.png,1
COVID-1902.png,1
COVID-1903.png,1
COVID-1904.png,1
COVID-1905.png,1
COVID-1906.png,1
COVID-1907.png,1
COVID-1908.png,1
COVID-1909.png,1
COVID-191.png,1
COVID-1910.png,1
COVID-1911.png,1
COVID-1912.png,1
COVID-1913.png,1
COVID-1914.png,1
COVID-1915.png,1
COVID-1916.png,1
COVID-1917.png,1
COVID-1918.png,1
COVID-1919.png,1
COVID-192.png,1
COVID-1920.png,1
COVID-1921.png,1
COVID-1922.png,1
COVID-1923.png,1
COVID-1924.png,1
COVID-1925.png,1
COVID-1926.png,1
COVID-1927.png,1
COVID-1928.png,1
COVID-1929.png,1
COVID-193.png,1
COVID-1930.png,1
COVID-1931.png,1
COVID-1932.png,1
COVID-1933.png,1
COVID-1934.png,1
COVID-1935.png,1
COVID-1936.png,1
COVID-1937.png,1
COVID-1938.png,1
COVID-1939.png,1
COVID-194.png,1
COVID-1940.png,1
COVID-1941.png,1
COVID-1942.png,1
COVID-1943.png,1
COVID-1944.png,1
COVID-1945.png,1
COVID-1946.png,1
COVID-1947.png,1
COVID-1948.png,1
COVID-1949.png,1
COVID-195.png,1
COVID-1950.png,1
COVID-1951.png,1
COVID-1952.png,1
COVID-1953.png,1
COVID-1954.png,1
COVID-1955.png,1
COVID-1956.png,1
COVID-1957.png,1
COVID-1958.png,1
COVID-1959.png,1
COVID-196.png,1
COVID-1960.png,1
COVID-1961.png,1
COVID-1962.png,1
COVID-1963.png,1
COVID-1964.png,1
COVID-1965.png,1
COVID-1966.png,1
COVID-1967.png,1
COVID-1968.png,1
COVID-1969.png,1
COVID-197.png,1
COVID-1970.png,1
COVID-1971.png,1
COVID-1972.png,1
COVID-1973.png,1
COVID-1974.png,1
